{
  "users": [
    {
      "id": "1",
      "name": "Vinay Poddar",
      "email": "vdh@gmail.comww",
      "age": "23w",
      "gender": "Female",
      "verified": "yes"
    },
    {
      "id": "2",
      "name": "Vikash",
      "email": "archu@gmail.com",
      "age": "12",
      "gender": "Male"
    },
    {
      "id": "2",
      "name": "Archu",
      "email": "archu@gmail.com",
      "age": "23",
      "gender": "Female"
    },
    {
      "id": "23",
      "name": "Archana rrre",
      "email": "vdh@gmail.com",
      "age": "23",
      "gender": "Female"
    },
    {
      "id": "212",
      "name": "vvv",
      "email": "vdh@gmail.com",
      "age": "23",
      "gender": "Male"
    }
  ]
}